ID,Tipo,SKU,Nombre,Publicado,"¿Está destacado?","Visibilidad en el catálogo","Descripción corta",Descripción,"Día en que empieza el precio rebajado","Día en que termina el precio rebajado","Estado del impuesto","Clase de impuesto","¿En inventario?",Inventario,"¿Permitir reservas de productos agotados?","¿Vendido individualmente?","Peso (kg)","Longitud (cm)","Ancho (cm)","Altura (cm)","¿Permitir valoraciones de clientes?","Nota de compra","Precio rebajado","Precio normal",Categorías,Etiquetas,"Clase de envío",Imágenes,"Límite de descargas","Días de expiración de la descarga",Superior,"Productos agrupados","Ventas dirigidas","Ventas cruzadas","URL externa","Texto del botón",Posición,"Nombre del atributo 1","Valor(es) del atributo 1","Atributo visible 1","Atributo global 1","Nombre del atributo 2","Valor(es) del atributo 2","Atributo visible 2","Atributo global 2","Nombre del atributo 3","Valor(es) del atributo 3","Atributo visible 3","Atributo global 3","Nombre del atributo 4","Valor(es) del atributo 4","Atributo visible 4","Atributo global 4","Nombre del atributo 5","Valor(es) del atributo 5","Atributo visible 5","Atributo global 5","Meta: slide_template","Meta: _wpb_vc_js_status","Meta: _wpml_media_duplicate","Meta: _wpml_media_featured"
15492,simple,,"Caucho doble blanco mate 1 galón",1,0,visible,"Ideal para interiores y exteriores. Ayuda a dar sensación de luz y amplitud. Alto rendimiento, resistencia y durabilidad. Cubre hasta 35 metros cuadrados. Tiempo de secado 35 minutos.",,,,taxable,,1,,0,0,,,,,0,,,,Pintura,,,http://www.catalogoepa.com.ve/wp-content/uploads/2017/04/205054.jpg,,,,,,,,,0,"Código EPA:",205054,1,1,Medidas:,"16\,8 x 20\,0 x 16\,8 cm",1,1,"Unidad de venta:",Galón,1,1,Garantía:,"15 días",1,1,Disponibilidad:,"En existencia",1,1,default,false,1,1
15498,simple,,"Blanco intenso mate 5 galones",1,0,visible,"Ideal para espacios interiores y exteriores. Excelente opción para superficies que necesitan durabilidad y economía. Ecológica, libre de plomo y cromo. Clase C.",,,,taxable,,1,,0,0,,,,,0,,,,Pintura,,,http://www.catalogoepa.com.ve/wp-content/uploads/2017/04/208102.jpg,,,,,,,,,0,"Código EPA:",0208102,1,0,Medidas:,"29\,9 x 38\,0 x 29\,9 cm",1,1,"Unidad de venta:",Cuñete,1,1,Garantía:,"15 días",1,1,Disponibilidad:,"En existencia",1,1,default,false,1,1
15510,simple,,"Thinner laca de alto brillo 1 galón",1,0,visible,"Mezcla de solventes para diluir productos nitrocelulosos como fondos, selladores y lacas, así como barnices brillantes. Se recomienda de 1.5 a 3 galones de Thinner por cada galón de laca, sellador o fondo, y un 1/4 por cada galón de barniz brillante.",,,,taxable,,1,,0,0,,,,,0,,,,Pintura,,,http://www.catalogoepa.com.ve/wp-content/uploads/2017/04/212003.jpg,,,,,,,,,0,"Código EPA:",212003,1,1,Medidas:,"10\,4 x 24\,0 x 16\,8 cm",1,1,"Unidad de venta:",Galón,1,1,Garantía:,"15 días",1,1,Disponibilidad:,"Poca existencia",1,1,default,false,1,1
15516,simple,,"Fondo para herrería negro 1 galón",1,0,visible,"De uso general, formulado para la conservación y mantenimiento de obras industriales, estructuras de hierro, madera y mampostería. Rendimiento de 50 metros cuadrados aproximadamente por galón.",,,,taxable,,1,,0,0,,,,,0,,,,Pintura,,,http://www.catalogoepa.com.ve/wp-content/uploads/2017/04/223014.jpg,,,,,,,,,0,"Código EPA:",223014,1,1,Medidas:,"17\,2 x 19\,7 x 17\,2 cm",1,1,"Unidad de venta:",Galón,1,1,Garantía:,"15 días",1,1,Disponibilidad:,"En existencia",1,1,default,false,1,1
15522,simple,,"Brocha de 2 pulgadas",1,0,visible,"Para paredes lisas, fabricada con cerdas naturales y mango plástico para pinturas al agua. Adecuada para trabajos de mediano tamaño.",,,,taxable,,1,,0,0,,,,,0,,,,Pintura,,,http://www.catalogoepa.com.ve/wp-content/uploads/2017/04/228003.jpg,,,,,,,,,0,"Código EPA:",228003,1,1,Medidas:,"22\,5 x 1\,7 x 6\,0 cm",1,1,"Unidad de venta:",Pieza,1,1,Garantía:,"15 días",1,1,Disponibilidad:,"En existencia",1,1,default,false,1,1
15528,simple,,"Brocha de 5 pulgadas",1,0,visible,"Para paredes lisas, están fabricada con cerdas naturales y mango plástico para pinturas al agua. Adecuada para superficies más grandes, como paredes, techos, revestimientos exteriores y pisos.",,,,taxable,,1,,0,0,,,,,0,,,,Pintura,,,http://www.catalogoepa.com.ve/wp-content/uploads/2017/04/228006.jpg,,,,,,,,,0,"Código EPA:",228006,1,1,Medidas:,"25\,5 x 2\,0 x 13\,0 cm",1,1,"Unidad de venta:",Pieza,1,1,Garantía:,"15 días",1,1,Disponibilidad:,"En existencia",1,1,default,false,1,1
15540,simple,,"Funda para rodillo de 9 pulgadas",1,0,visible,"Para usar en superficies lisas con cualquier tipo de pintura, ya que es resistente al agua y solventes.",,,,taxable,,1,,0,0,,,,,0,,,,Pintura,,,http://www.catalogoepa.com.ve/wp-content/uploads/2017/04/232565.jpg,,,,,,,,,0,"Código EPA:",232565,1,1,Medidas:,"22\,5 x 6\,0 x 6\,0 cm",1,1,"Unidad de venta:",Pieza,1,1,Garantía:,"15 días",1,1,Disponibilidad:,"En existencia",1,1,default,false,1,1
15546,simple,,"Mango para rodillo de 9 pulgadas",1,0,visible,"Mango de acero para fundas de 9 pulgadas con empuñadura ergonómica. Puede usarse en diversas superficies como paredes, techos y maderas.",,,,taxable,,1,,0,0,,,,,0,,,,Pintura,,,http://www.catalogoepa.com.ve/wp-content/uploads/2017/04/232825.jpg,,,,,,,,,0,"Código EPA:",232825,1,1,Medidas:,"25\,0 x 4\,0 x 32\,0 cm",1,1,"Unidad de venta:",Pieza,1,1,Garantía:,"15 días",1,1,Disponibilidad:,"En existencia",1,1,default,false,1,1
15552,simple,,"Juego de bandeja y rodillo",1,0,visible,"El kit contiene una funda, un mango de 9 pulgadas y una bandeja plástica con capacidad para un galón. De uso es doméstico.",,,,taxable,,1,,0,0,,,,,0,,,,Pintura,,,http://www.catalogoepa.com.ve/wp-content/uploads/2017/04/236001.jpg,,,,,,,,,0,"Código EPA:",236001,1,1,Medidas:,"7\,0 x 4\,0 x 20\,0 cm",1,1,"Unidad de venta:",Juego,1,1,Garantía:,"15 días",1,1,Disponibilidad:,"En existencia",1,1,default,false,1,1
15558,simple,,"Cemento plástico 5 galones",1,0,visible,"Compuesto a base de asfalto, minerales y fibras. De fácil aplicación y secado rápido. Ideal para tapar goteras, reparar grietas, sellar tuberías de desagüe, juntas entre placas, uniones de losas de concreto, así como reparaciones. Cubre 100 metros cuadrados.",,,,taxable,,1,,0,0,,,,,0,,,,Techo,,,http://www.catalogoepa.com.ve/wp-content/uploads/2017/04/3037249.jpg,,,,,,,,,0,"Código EPA:",3037249,1,1,Medidas:,"31\,0 x 38\,0 x 31\,0 cm",1,1,"Unidad de venta:",Cuñete,1,1,Garantía:,"15 días",1,1,Disponibilidad:,"En existencia",1,1,default,false,1,1
15564,simple,,"Cemento plástico 1 galón",1,0,visible,"Compuesto a base de asfalto, minerales y fibras. De fácil aplicación y secado rápido. Ideal para tapar goteras, reparar grietas, sellar tuberías de desagüe, juntas entre placas, uniones de losas de concreto, así como reparaciones. Cubre 20 metros cuadrados.",,,,taxable,,1,,0,0,,,,,0,,,,Techo,,,http://www.catalogoepa.com.ve/wp-content/uploads/2017/04/3037251.jpg,,,,,,,,,0,"Código EPA:",3037251,1,1,Medidas:,"17\,0 x 19\,0 x 17\,0 cm",1,1,"Unidad de venta:",Galón,1,1,Garantía:,"15 días",1,1,Disponibilidad:,"En existencia",1,1,default,false,1,1
15570,simple,,"Manto asfáltico de 3,2 milímetros",1,0,visible,"Reforzado con fibra de vidrio y una mezcla construida por asfalto modificado con elastómeros del tipo S.B.S. Presenta en su acabado una capa de mina y polietileno. Para aplicar con antorcha.",,,,taxable,,1,,0,0,,,,,0,,,,Techo,,,http://www.catalogoepa.com.ve/wp-content/uploads/2017/04/3037270.jpg,,,,,,,,,0,"Código EPA:",3037270,1,1,Medidas:,"23\,0 x 100\,0 x 23\,0 cm",1,1,"Unidad de venta:",Rollo,1,1,Garantía:,"15 días",1,1,Disponibilidad:,"En existencia",1,1,default,false,1,1
15576,simple,,"Primer líquido de 1 galón",1,0,visible,"Formulado a base de asfalto y solventes orgánicos volátiles, con gran capacidad de penetración que permite cubrir y sellar superficies porosas y pequeñas fisuras en el concreto. Proporciona una excelente adherencia para otros productos.",,,,taxable,,1,,0,0,,,,,0,,,,Techo,,,http://www.catalogoepa.com.ve/wp-content/uploads/2017/04/3037247.jpg,,,,,,,,,0,"Código EPA:",3037247,1,1,Medidas:,"17\,0 x 19\,0 x 17\,0 cm",1,1,"Unidad de venta:",Galón,1,1,Garantía:,"15 días",1,1,Disponibilidad:,"En existencia",1,1,default,false,1,1
15588,simple,,"Asfalto plástico impermeabilizante",1,0,visible,"Formulado a partir de asfalto, con minerales y fibras. Para impermeabilizaciones multi-capa (cartón asfaltado, fibra virgen, entre otros), en frío y sobre superficies horizontales. Ideal para rellenar superficies irregulares. Se aplica directamente con espátula o cuchara.",,,,taxable,,1,,0,0,,,,,0,,,,Techo,,,http://www.catalogoepa.com.ve/wp-content/uploads/2017/04/3037255.jpg,,,,,,,,,0,"Código EPA:",3037255,1,1,Medidas:,"31\,0 x 38\,0 x 31\,0 cm",1,1,"Unidad de venta:",Cuñete,1,1,Garantía:,"15 días",1,1,Disponibilidad:,"En existencia",1,1,default,false,1,1
15595,simple,,"Teja ejecutiva Caribe",1,0,visible,"Pieza de cobertura para colocación discontinua sobre tejados en pendiente. Evitan el paso del agua o el aire a través de la construcción, resistencia al fuego y al vapor.",,,,taxable,,1,,0,0,,,,,0,,,,Techo,,,http://www.catalogoepa.com.ve/wp-content/uploads/2017/04/3024003.jpg,,,,,,,,,0,"Código EPA:",3024003,1,1,Medidas:,"47\,0 x 9\,0 x 30\,0 cm",1,1,"Unidad de venta:",Pieza,1,1,Garantía:,"15 días",1,1,Disponibilidad:,"En existencia",1,1,default,false,1,1
15601,simple,,"Caucho marfil de 1 galón",1,0,visible,"Ideal para interiores y exteriores. Pintura de látex vinil acrílico de alto desempeño en calidad, cubrimiento, rendimiento y durabilidad. Tiempo de secado 60 minutos al tacto. Clase C.",,,,taxable,,1,,0,0,,,,,0,,,,Pintura,,,http://www.catalogoepa.com.ve/wp-content/uploads/2017/04/208173.jpg,,,,,,,,,0,"Código EPA:",208173,1,1,Medidas:,"16\,8 x 20\,0 x 16\,8 cm",1,1,"Unidad de venta:",Galón,1,1,Garantía:,"15 días",1,1,Disponibilidad:,"En existencia",1,1,default,false,1,1
15647,simple,,"Tapa asiento Canaima elongada",1,0,visible,"Asiento sólido elaborado especialmente para tazas elongadas, adaptable a sus requerimientos y necesidades. Alta durabilidad y desmontable para su fácil limpieza.",,,,taxable,,1,,0,0,,,,,0,,,,Baño,,,http://www.catalogoepa.com.ve/wp-content/uploads/2017/05/2444036-1.jpg,,,,,,,,,0,"Código EPA:",2444036,1,1,Medidas:,"55 x 36 x 3 cm",1,1,"Unidad de venta:",Pieza,1,1,Garantía:,"15 días",1,1,,,,,default,false,1,1
15653,simple,,"Regadera acromada anticalcárea",1,0,visible,"Regadera redonda de presión con tubo y roseta para impedir el paso de partículas. Está fabricada en ABS Cromado y diseñada con un sistema de salida de agua Anticalcáreo.",,,,taxable,,1,,0,0,,,,,0,,,,Baño,,,http://www.catalogoepa.com.ve/wp-content/uploads/2017/05/2415032-1.jpg,,,,,,,,,0,"Código EPA:",2415032,1,1,Medidas:,"9 x 13 x 37\,5 cm",1,1,"Unidad de venta:",Pieza,1,1,Garantía:,"15 días",1,1,Disponibilidad:,"Sin existencia",1,1,default,false,1,1
15660,simple,,"Tubo extensible mediano",1,0,visible,"Barra extensible para cortinas de baño y el hogar. Medida mínima 91 centímetros, máxima 160 centímetros, de fácil instalación. Resiste 5 kilos.",,,,taxable,,1,,0,0,,,,,0,,,,Baño,,,http://www.catalogoepa.com.ve/wp-content/uploads/2017/05/2458002-1.jpg,,,,,,,,,0,"Código EPA:",2458002,1,1,Medidas:,"4 x 4 x 90 cm",1,1,"Unidad de venta:",Pieza,1,1,Garantía:,"15 días",1,1,Disponibilidad:,"En existencia",1,1,default,false,1,1
15666,simple,,"Kit de accesorios en acero inoxidable",1,0,visible,"Juego de piezas para baño en acero satinado, resistencia a los desgastes ambientales. Contiene una jabonera, portar rollo, toallero largo, perchero y porta cepillos. Con tornillos y ramplús para su instalación.",,,,taxable,,1,,0,0,,,,,0,,,,Baño,,,http://www.catalogoepa.com.ve/wp-content/uploads/2017/05/2450072-1.jpg,,,,,,,,,0,"Código EPA:",2450072,1,1,Medidas:,"5 x 25 x 50 cm",1,1,"Unidad de venta:",Pieza,1,1,Garantía:,"15 días",1,1,Disponibilidad:,"En existencia",1,1,default,false,1,1
15672,simple,,"Lavamanos preponchado con pedestal",1,0,visible,"Pieza de diseño compacto que posibilita su ubicación en espacios pequeños. Disponible para griferías monoblock de 4 y 8 pulgadas. Capacidad de la taza de 6.5 litros. Incluye pedestal y un soporte metálico.",,,,taxable,,1,,0,0,,,,,0,,,,Baño,,,http://www.catalogoepa.com.ve/wp-content/uploads/2017/05/2439936-1.jpg,,,,,,,,,0,"Código EPA:",2439936,1,1,Medidas:,"65 x 20 x 72 cm",1,1,"Unidad de venta:",Juego,1,1,Garantía:,"15 días",1,1,Disponibilidad:,"Poca existencia",1,1,default,false,1,1
15690,simple,,"Llave para lavamanos individual",1,0,visible,"Pieza individual cromada en toda su superficie, fabricada con termoplástico que proporciona alta resistencia a la tensión y a los impactos. Manilla de ¼ de pulgada. Es resistente a la corrosión por agua y agentes químicos.",,,,taxable,,1,,0,0,,,,,0,,,,Baño,,,http://www.catalogoepa.com.ve/wp-content/uploads/2017/05/2432054-1.jpg,,,,,,,,,0,"Código EPA:",2432054,1,1,Medidas:,"9 x 18 x 25 cm",1,1,"Unidad de venta:",Pieza,1,1,Garantía:,"15 días",1,1,Disponibilidad:,"En existencia",1,1,default,false,1,1
15708,simple,,"Cortina para baño en poliéster",1,0,visible,"Cortina 100% poliéster con ganchos incluidos. Es de 180 por 180 centímetros, resistente, impermeable y lavable.",,,,taxable,,1,,0,0,,,,,0,,,,Baño,,,http://www.catalogoepa.com.ve/wp-content/uploads/2017/05/2413964-1.jpg,,,,,,,,,0,"Código EPA:",2413964,1,1,Medidas:,"34 x 26 x 3 cm",1,1,"Unidad de venta:",Pieza,1,1,Garantía:,"15 días",1,1,Disponibilidad:,"En existencia",1,1,default,false,1,1
15750,simple,,"Aplique Carolina con vidrio acidado",1,0,visible,"Para aplicar en paredes de espacios interiores o exteriores. Pieza de aluminio con difusor, con capacidad de hasta 40 vatios.",,,,taxable,,1,,0,0,,,,,0,,,,Iluminación,,,http://www.catalogoepa.com.ve/wp-content/uploads/2017/05/1544102-1.jpg,,,,,,,,,0,"Código EPA:",1544102,1,1,Medidas:,"15 x 11 x 16\,5 cm",1,1,"Unidad de venta:",Pieza,1,1,Garantía:,"15 días",1,1,Disponibilidad:,"Poca existencia",1,1,default,false,1,1
15941,simple,,"Sellador de silicona traslúcido",1,0,visible,"Sellador de silicona traslucido con fungicida. De uso doméstico y general para cerramientos, duchas, lavamanos y accesorios de baños. El kit contiene dos picos, una paleta para alisar, tapa, empujador y un micro cartucho.",,,,taxable,,1,,0,0,,,,,0,,,,Pintura,,,http://www.catalogoepa.com.ve/wp-content/uploads/2017/06/240036.jpg,,,,,,,,,0,"Código EPA:",240036,1,1,Garantía:,"15 días",1,1,Medidas:,"12\,0 x 23\,5 x 4\,0",1,1,"Unidad de venta:",Juego,1,1,Disponibilidad:,"En existencia",1,1,default,false,,
15944,simple,,"Pasta para friso de 20 kilos",1,0,visible,"Para frisar, emparejar y rellenar superficies, techos y paredes de bloque de cemento, arcilla, ladrillos y otros materiales compatibles. Solo agregue agua hasta obtener una pasta suave y sin grumos. Puede mezclarse con yeso para mayor cobertura.",,,,taxable,,1,,0,0,,,,,0,,,,Equipamento,,,http://www.catalogoepa.com.ve/wp-content/uploads/2017/06/3027012.jpg,,,,,,,,,0,"Código EPA:",3027012,1,1,Medidas:,"10 x 35 x 30 cm",1,1,"Unidad de venta:",Saco,1,1,Garantía:,"15 días",1,1,Disponibilidad:,"En existencia",1,1,default,false,,
15951,simple,,"Lámina Lamilit de 3 metros",1,0,visible,"Sistemas de coberturas livianas y canal ancho. Su bajo peso permite grandes ahorros en estructuras, facilidad, rapidez y versatilidad en el diseño e instalación.",,,,taxable,,1,,0,0,,,,,0,,,,Techo,,,http://www.catalogoepa.com.ve/wp-content/uploads/2017/06/3017080.jpg,,,,,,,,,0,"Código EPA:",3017080,1,1,Medidas:,"3 x 0\,72 Metros",1,1,"Unidad de venta:",Pieza,1,1,Garantía:,"15 días",1,1,Disponibilidad:,"En existencia",1,1,default,false,,
15953,simple,,"Lámina Milteja de 4 metros",1,0,visible,"Brinda aislamiento térmico y acústico, resistencia a la acción corrosiva y los rayos UV. Versatilidad en el diseño e instalación para techos de viviendas, fabricas entre otros.",,,,taxable,,1,,0,0,,,,,0,,,,Techo,,,http://www.catalogoepa.com.ve/wp-content/uploads/2017/06/3017002.jpg,,,,,,,,,0,"Código EPA:",3017002,1,1,Medidas:,"4 x 1 Metros",1,1,"Unidad de venta:",Pieza,1,1,Garantía:,"15 días",1,1,Disponibilidad:,"En existencia",1,1,default,false,,
15966,simple,,"Mastique de 1 cuñete",1,0,visible,"Es una masilla plástica desarrollada para nivelar y uniformar todo tipo de superficies de cemento, concreto, mampostería y frisos, sellando los poros y acondicionándolas para toda clase de recubrimiento. Es fácil de lijar y no deja huella de la espátula.",,,,taxable,,1,,0,0,,,,,0,,,,Equipamento,,,http://www.catalogoepa.com.ve/wp-content/uploads/2017/06/3020017.jpg,,,,,,,,,0,"Código EPA:",3020017,1,1,Medidas:,"38 x 31 x 31 cm",1,1,"Unidad de venta:",Cuñete,1,1,Garantía:,"15 días",1,1,Disponibilidad:,"Poca existencia",1,1,default,false,,
15971,simple,,"Tee de 3/4 soldable para agua fría",1,0,visible,"Tee para sistemas de tuberías de 3/4 pulgada de diámetro. Pieza compuesta de policloruro de vinilo rígido ideal para tuberías de agua fría. Resiste la corrosión y al impacto. Presión de trabajo a 23 grados centígrados, 450psi.",,,,taxable,,1,,0,0,,,,,0,,,,Equipamento,,,http://www.catalogoepa.com.ve/wp-content/uploads/2017/06/2613602.jpg,,,,,,,,,0,"Código EPA:",2613602,1,1,Medidas:,"6 x 6 x 6 cm",1,1,"Unidad de venta:",Pieza,1,1,Garantía:,"15 días",1,1,Disponibilidad:,"En existencia",1,1,default,false,,
15973,simple,,"Anillo reductor 3/4 x 1/2 pulgadas",1,0,visible,"Reductor de sistemas de tubería de agua fría, soldable, compuesto de poli cloruro de vinilo rígido. Presión de trabajo a 23 grados centígrados, 450 psi.",,,,taxable,,1,,0,0,,,,,0,,,,Equipamento,,,http://www.catalogoepa.com.ve/wp-content/uploads/2017/06/2613850.jpg,,,,,,,,,0,"Código EPA:",2613850,1,1,Medidas:,"3/4 x 1/2 Pulgadas",1,1,"Unidad de venta:",Pieza,1,1,Garantía:,"15 días",1,1,Disponibilidad:,"En existencia",1,1,default,false,,
15985,simple,,"Tanque fácil de 540 litros",1,0,visible,"Para instalar en espacios reducidos como apartamentos. Posee base metálica para el tanque y bomba automática de medio caballo de fuerza, voltaje 110.",,,,taxable,,1,,0,0,,,,,0,,,,Equipamento,,,http://www.catalogoepa.com.ve/wp-content/uploads/2017/06/1406098.jpg,,,,,,,,,0,"Código EPA:",1406098,1,1,Medidas:,"210 x 60 x 60 cm",1,1,"Unidad de venta:",Pieza,1,1,Garantía:,"15 días",1,1,Disponibilidad:,"En existencia",1,1,default,false,,
15987,simple,,"Electrodos 6013-3/32 pulgadas",1,0,visible,"Empaque de 1 kilo. De uso corriente para carpintería metálica, ductos de ventilación, rejas, puertas, ensamble de carrocerías, construcción de tanques, soldadura de estructuras livianas en perfiles angulares y rectangulares, cerchas entre otros.",,,,taxable,,1,,0,0,,,,,0,,,,Equipamento,,,http://www.catalogoepa.com.ve/wp-content/uploads/2017/06/1420066.jpg,,,,,,,,,0,"Código EPA:",1420066,1,1,Medidas:,"8 x 37 x 9 cm",1,1,"Unidad de venta:",Pieza,1,1,Garantía:,"15 días",1,1,Disponibilidad:,"En existencia",1,1,default,false,,
15996,simple,,"Bomba Periférica 1/2HP 40 litros",1,0,visible,"Medio caballo de fuerza, voltaje de 110 voltios, entrada y salida de 1x1 pulgadas. Levanta agua a 38 metros de altura y tiene caudal de 40 litros por minuto.",,,,taxable,,1,,0,0,,,,,0,,,,Equipamento,,,http://www.catalogoepa.com.ve/wp-content/uploads/2017/06/1405074.jpg,,,,,,,,,0,"Código EPA:",1405074,1,1,Medidas:,"20 x 35 x 20 cm",1,1,"Unidad de venta:",Pieza,1,1,Garantía:,"15 días",1,1,Disponibilidad:,"En existencia",1,1,default,false,,
15998,simple,,"Hidrocompacto de ½ caballo de fuerza",1,0,visible,"Bomba de agua de medio caballo de fuerza y pulmón de 1.5 litros. Voltaje de 110, rendimiento de 370W y caudal máximo de 35 litros de agua por minuto. Boca de entrada y salida de 1 pulgada.",,,,taxable,,1,,0,0,,,,,0,,,,Equipamento,,,http://www.catalogoepa.com.ve/wp-content/uploads/2017/06/1406008.jpg,,,,,,,,,0,"Código EPA:",1406008,1,1,Medidas:,"40 x 35 x 15 cm",1,1,"Unidad de venta:",Pieza,1,1,Garantía:,"15 días",1,1,Disponibilidad:,"En existencia",1,1,default,false,,
16010,simple,,"Grifería cromada cuello curvo alto",1,0,visible,"Grifería cromada para fregadero, monomando, de cuello curvo alto (cisne), manilla Crown y vástago con cartucho cerámico. Ideal para toma de agua fría.",,,,taxable,,1,,0,0,,,,,0,,,,Cocina,,,http://www.catalogoepa.com.ve/wp-content/uploads/2017/06/2532046.jpg,,,,,,,,,0,"Código EPA:",2532046,1,1,Medidas:,"13 x 11 x 29 cm",1,1,"Unidad de venta:",Pieza,1,1,Garantía:,"15 días",1,1,Disponibilidad:,"Poca existencia",1,1,default,false,,
16055,simple,,"Llave para lavamanos individual 223 cromada",1,0,visible,"Llave para lavamanos cromada en toda su superficie, haciéndola resistente a la corrosión por agua o por agentes químicos. Monomando.",,,,taxable,,1,,0,0,,,,,1,,,,Baño,"cromada, griferia, llave lavamanos",,http://www.catalogoepa.com.ve/wp-content/uploads/2017/09/LLAVE-P-LAV-IND-223.jpg,,,,,,,,,0,"Código EPA:",2432018,1,1,Garantía:,"15 días",1,1,Medidas:,"15 x 5 x 14\,8 cm",1,1,"Unidad de venta:",Pieza,1,1,,,,,default,false,,
16067,simple,,"Juego de bandeja económico",1,0,visible,"El kit contiene una funda, un mango de 9 pulgadas, una bandeja plástica con capacidad para un galón y una brocha para paredes lisas. De uso es doméstico.",,,,taxable,,1,,0,0,,,,,1,,,,Pintura,,,http://www.catalogoepa.com.ve/wp-content/uploads/2017/09/236051.jpg,,,,,,,,,0,"Código EPA:",236051,1,1,Garantía:,"15 días",1,1,Medidas:,"36 x 28 x 8 cm",1,1,Disponibilidad:,"En existencia",1,1,,,,,default,false,,
16070,simple,,"Caucho blanco intenso de 4 galones Colonial",1,0,visible,"Ideal para interiores y exteriores. Ayuda a dar sensación de luz y amplitud, alto rendimiento, resistencia y durabilidad. Ecológica, libre de plomo y cromo. Cubre hasta 30 metros cuadrados por galón. Tiempo de secado 60 minutos al tacto. Clase C",,,,taxable,,1,,0,0,,,,,1,,,,Pintura,,,http://www.catalogoepa.com.ve/wp-content/uploads/2017/09/208067.jpg,,,,,,,,,0,"Código EPA:",208067,1,1,Garantía:,"15 días",1,1,Medidas:,"38 x 29\,9 x 29\,9 cm",1,1,Disponibilidad:,"En existencia",1,1,,,,,default,false,,
16079,simple,,"Brocha de 1 pulgada 1/2",1,0,visible,"Para paredes lisas, están fabricada con cerdas naturales y mango plástico para pinturas al agua. Adecuada para trabajos de detalles, esquinas y bordes.",,,,taxable,,1,,0,0,,,,,1,,,,Pintura,,,http://www.catalogoepa.com.ve/wp-content/uploads/2017/09/228002-Brocha-para-paredes-lisas-1-1-2-pulgadas.jpg,,,,,,,,,0,"Código EPA:",228002,1,1,Medidas:,"1\,5 x 22 x 5 cm",1,1,"Unidad de venta:",Pieza,1,1,Disponibilidad:,"En existencia",1,1,Garantía:,"15 días",1,1,default,false,,
16083,simple,,"Caucho blanco intenso satinado de 1 galón KEM satinado",1,0,visible,"Brinda un acabado intermedio entre opaco y brillante. Su uso en interiores, es aconsejable por ser de fácil lavado. La aplicación debe hacerse por sectores (por pared) y rápidamente, para evitar marcas visibles a contraluz. Clase A.",,,,taxable,,1,,0,0,,,,,1,,,,Pintura,,,http://www.catalogoepa.com.ve/wp-content/uploads/2017/09/202816-Pintura-blanco-intenso-satinado-1-galon.jpg,,,,,,,,,0,"Código EPA:",202816,1,1,Medidas:,"20 x 16\,8 x 16\,8 cm",1,1,"Unidad de venta:",Galón,1,1,Disponibilidad:,"Poca existencia",1,1,,,,,default,false,,
16085,simple,,"Caucho blanco mate intenso de 1 galón",1,0,visible,"Para interiores y exteriores. Las pinturas de acabado opaco disimulan las pequeñas imperfecciones que puedan tener las paredes, son de alto rendimiento, resistencia y durabilidad. Cubre hasta 30 metros cuadrados. Tiempo de secado 60 minutos al tacto. Clase A",,,,taxable,,1,,0,0,,,,,1,,,,Pintura,,,http://www.catalogoepa.com.ve/wp-content/uploads/2017/09/204010-Pintura-blanco-intenso-mate-1-galon.jpg,,,,,,,,,0,"Código EPA:",204010,1,1,Medidas:,"20 x 16\,8 x 16\,8 cm",1,1,"Unidad de venta:",Galón,1,1,Disponibilidad:,"En existencia",1,1,,,,,default,false,,
16087,simple,,"Caucho blanco intenso de 5 galones Kem Tone",1,0,visible,"Para interiores y exteriores. Las pinturas de acabado opaco disimulan las pequeñas imperfecciones que puedan tener las paredes, son de alto rendimiento, resistencia y durabilidad. Cubre hasta 100 metros cuadrados. Tiempo de secado 60 minutos al tacto. Clase A",,,,taxable,,1,,0,0,,,,,1,,,,Pintura,,,http://www.catalogoepa.com.ve/wp-content/uploads/2017/09/204011-Pintura-blanco-intenso-mate-5-galones-.jpg,,,,,,,,,0,"Código EPA:",204011,1,1,Medidas:,"38 x 29\,9 x 29\,9 cm",1,1,"Unidad de venta:",Cuñete,1,1,Disponibilidad:,"Poca existencia",1,1,,,,,default,false,,
16089,simple,,"Caucho doble blanco mate de 5 galones Dominó",1,0,visible,"Ideal para interiores y exteriores. Ayuda a dar sensación de luz y amplitud. Alto rendimiento, resistencia y durabilidad. Cubre hasta 100 metros cuadrados. Tiempo de secado 60 minutos al tacto. Clase B.",,,,taxable,,1,,0,0,,,,,1,,,,Pintura,,,http://www.catalogoepa.com.ve/wp-content/uploads/2017/09/205055-Pintura-doble-blanco-mate-5-galones.jpg,,,,,,,,,0,"Código EPA:",205055,1,1,Medidas:,"38 x 29\,9 x 29\,9 cm",1,1,"Unidad de venta:",Cuñete,1,1,Disponibilidad:,"En existencia",1,1,,,,,default,false,,
16100,simple,,"Caucho blanco mate de 4 galones Flamuko Regional",1,0,visible,"Producto Vinil acrílico, de buena calidad y económico, que embellece y protege la superficie expuesta a la intemperie. Para espacios del hogar, oficinas o industrias; aplicable sobre techos, paredes de concreto, madera, cartón piedra y similares. Clase C",,,,taxable,,1,,0,0,,,,,1,,,,Pintura,,,http://www.catalogoepa.com.ve/wp-content/uploads/2017/09/208164-Pintura-blanco-mate-4-galones.jpg,,,,,,,,,0,"Código EPA:",208164,1,1,Medidas:,"33\,8 x 27\,8 x 27\,8 cm",1,1,"Unidad de venta:",Galón,1,1,Disponibilidad:,"En existencia",1,1,,,,,default,false,,
16107,simple,,"Esmalte brillante negro carbón 1 galón",1,0,visible,"Proporciona un acabado brillante, lavable y duradero. Recomendado para interiores y exteriores. Aplicable sobre hierro, acero, mampostería, concreto, ladrillo y madera. Tiempo de secado al tacto 45 minutos. Cubre 49 metros cuadrados por galón aproximadamente.",,,,taxable,,1,,0,0,,,,,1,,,,"Madera, Pintura",,,http://www.catalogoepa.com.ve/wp-content/uploads/2017/09/214068-Esmalte-brillante-negro-carbón-1-galon.jpg,,,,,,,,,0,"Código EPA:",214068,1,1,Medidas:,"20 x 16\,8 x 16\,8 cm",1,1,"Unidad de venta:",Galón,1,1,Disponibilidad:,"En existencia",1,1,,,,,default,false,,
16109,simple,,"Esmalte brillante blanco 1 galón",1,0,visible,"Pintura formulada con resinas alquídicas, diseñada para proteger y decorar estructuras metálicas, concreto y madera en interiores y exteriores. Tiempo de secado al tacto 1 hora. Cubre 40 metros cuadrados por galón. Clase B",,,,taxable,,1,,0,0,,,,,1,,,,"Madera, Pintura",,,http://www.catalogoepa.com.ve/wp-content/uploads/2017/09/214071-Esmalte-brillante-blanco-1-galon.jpg,,,,,,,,,0,"Código EPA:",214071,1,1,Medidas:,"20 x 17 x 17 cm",1,1,"Unidad de venta:",Galón,1,1,Disponibilidad:,"En existencia",1,1,,,,,default,false,,
16111,simple,,"Esmalte mate negro 1 galón",1,0,visible,"Lavable y duradero. Recomendado para interiores y exteriores. Aplicable sobre hierro, acero, mampostería, concreto, ladrillo y madera. Tiempo de secado al tacto 45 minutos. Cubre 49 metros cuadrados por galón aproximadamente.",,,,taxable,,1,,0,0,,,,,1,,,,"Madera, Pintura",,,http://www.catalogoepa.com.ve/wp-content/uploads/2017/09/214125-Esmalte-mate-negro-1-galon.jpg,,,,,,,,,0,"Código EPA:",214125,1,1,Medidas:,"20 x 16\,8 x 16\,8 cm",1,1,"Unidad de venta:",Galón,1,1,Disponibilidad:,"En existencia",1,1,,,,,default,false,,
16113,simple,,"Caucho blanco satinado de 1 galón Dominó",1,0,visible,"Brinda un acabado intermedio entre opaco y brillante. Su uso en interiores es aconsejable por ser de fácil lavado. La aplicación debe hacerse por sectores (por pared) y rápidamente para evitar marcas que sean visibles a contraluz. Clase B",,,,taxable,,1,,0,0,,,,,1,,,,Pintura,,,http://www.catalogoepa.com.ve/wp-content/uploads/2017/09/227400-Pintura-blanco-satinado-1-galon.jpg,,,,,,,,,0,"Código EPA:",227400,1,1,Medidas:,"20 x 16\,8 x 16\,8 cm",1,1,"Unidad de venta:",Galón,1,1,Disponibilidad:,"En existencia",1,1,,,,,default,false,,
16121,simple,,"Protector para nevera doméstica",1,0,visible,"Ideal para neveras, refrigeradores horizontales hasta 1 puerta, aires acondicionados de ventana de 5.000 BTU, enfriadores de agua y deshumidificadores.",,,,taxable,,1,,0,0,,,,,1,,,,"Cocina, Equipamento",,,http://www.catalogoepa.com.ve/wp-content/uploads/2017/09/1642051-Protector-para-neveras-domésticas.jpg,,,,,,,,,0,"Código EPA:",1642051,1,1,Medidas:,"23 x 13\,5 x 6 cm",1,1,"Unidad de venta:",Pieza,1,1,Disponibilidad:,"En existencia",1,1,,,,,default,false,,
16123,simple,,"Protector para aire acondicionado",1,0,visible,"Protector de voltaje de alta capacidad para aires acondicionados de ventana o Split hasta 18.000 BTU en 120 voltios y 36.000 BTU en 220 voltios. Así como equipos de refrigeración con compresor de hasta 1.5 caballos de fuerza en 120 voltios y 3 caballos de fuerza en 220 voltios.",,,,taxable,,1,,0,0,,,,,1,,,,Equipamento,,,http://www.catalogoepa.com.ve/wp-content/uploads/2017/09/1642056-Protector-para-aire-acondicionado-220V.jpg,,,,,,,,,0,"Código EPA:",1642056,1,1,Medidas:,"23 x 22 x 6 cm",1,1,"Unidad de venta:",Pieza,1,1,Disponibilidad:,"En existencia",1,1,,,,,default,false,,
16127,simple,,"Llave de arresto cromada",1,0,visible,"Llave de arresto para controlar el paso de agua en conexiones de 1/2 pulgada. Salida de agua lateral y cierre manual.",,,,taxable,,1,,0,0,,,,,1,,,,Baño,,,http://www.catalogoepa.com.ve/wp-content/uploads/2017/09/2612005Llave-de-arresto-cromada.jpg,,,,,,,,,0,"Código EPA:",2612005,1,1,Medidas:,"8 x 4 x 4 cm",1,1,"Unidad de venta:",Pieza,1,1,Disponibilidad:,"En existencia",1,1,,,,,default,false,,
16135,simple,,"Lámina de yeso para Dry Wall",1,0,visible,"Pieza de yeso para la construcción de tabiques en general, techos falsos, de suspensión oculta o invisible. De 1.22 metros por 2.44. Incluye caleta.",,,,taxable,,1,,0,0,,,,,1,,,,Techo,,,http://www.catalogoepa.com.ve/wp-content/uploads/2017/09/3020001-Lámina-de-yeso-para-Dry-Wall.jpg,,,,,,,,,0,"Código EPA:",3020001,1,1,Medidas:,"1 x 240 x 120 cm",1,1,"Unidad de venta:",Pieza,1,1,Disponibilidad:,"En existencia",1,1,,,,,default,false,,
16137,simple,,"Pasta profesional de 1 Cuñete",1,0,visible,"Masilla plástica para nivelar y uniformar todo tipo de superficies de cemento, concreto, mampostería y frisos, sellando los poros de las superficies y acondicionándolas para toda clase de recubrimientos. Otorga un acabado uniforme y de gran resistencia.",,,,taxable,,1,,0,0,,,,,1,,,,Pintura,,,http://www.catalogoepa.com.ve/wp-content/uploads/2017/09/3020010-Pasta-profesional-Cuñete.jpg,,,,,,,,,0,"Código EPA:",3020010,1,1,Medidas:,"38 x 31 x 31 cm",1,1,"Unidad de venta:",Cuñete,1,1,Disponibilidad:,"Poca existencia",1,1,,,,,default,false,,
16139,simple,,"Yeso tipo III para construcción",1,0,visible,"Para obras en interiores, mampostería y obras pequeñas como divisiones, recubrimiento de paredes, molduras, paneles y techos. Permite acabados lisos, parejos, moldeables y decorativos.",,,,taxable,,1,,0,0,,,,,1,,,,"Pintura, Techo",,,http://www.catalogoepa.com.ve/wp-content/uploads/2017/09/3028004-Yeso-calidad-premium-10-kilogramos.jpg,,,,,,,,,0,"Código EPA:",3028004,1,1,Medidas:,"34 x 12 x 24 cm",1,1,"Unidad de venta:",Saco,1,1,Disponibilidad:,"En existencia",1,1,,,,,default,false,,
16141,simple,,"Manto asfáltico 2,7 milímetros",1,0,visible,"Reforzado con fibra de vidrio y una mezcla construida por asfalto modificado con elastómeros del tipo S.B.S. Presenta en su acabado una capa de mina y polietileno. Para aplicar con antorcha.",,,,taxable,,1,,0,0,,,,,1,,,,Techo,,,http://www.catalogoepa.com.ve/wp-content/uploads/2017/09/3037288-Manto-asfáltico-27-milimetros.jpg,,,,,,,,,0,"Código EPA:",3037288,1,1,Medidas:,"100 x 23 x 23 cm",1,1,"Unidad de venta:",Rol,1,1,Disponibilidad:,"Poca existencia",1,1,,,,,default,false,,
16143,simple,,"Manto asfáltico autoadhesivo",1,0,visible,"Reforzado con fibra de vidrio y una mezcla construida por asfalto modificado con elastómeros del tipo S.B.S. Cara inferior protegida con polietileno siliconado fácil de retirar.",,,,taxable,,1,,0,0,,,,,1,,,,Techo,,,http://www.catalogoepa.com.ve/wp-content/uploads/2017/09/3037290-Manto-asfáltico-autoadhesivo-22-milimetros.jpg,,,,,,,,,0,"Código EPA:",3037290,1,1,Medidas:,"100 x 20 x 20 cm",1,1,"Unidad de venta:",Rol,1,1,Disponibilidad:,"Poca existencia",1,1,,,,,default,false,,
16153,simple,,"Caucho blanco mate de 1 galón Flamuko",1,0,visible,"Producto vinil acrílico modificado de altísima calidad, lavable y que embellece y protege la superficie internas. Con excelente retención de color según las condiciones del medio ambiente, proporcionando un acabado duradero. Clase A",,,,taxable,,1,,0,0,,,,,1,,,,Pintura,,,http://www.catalogoepa.com.ve/wp-content/uploads/2017/09/204083-Pintura-blanco-mate-1-galón-.jpg,,,,,,,,,0,"Código EPA:",204083,1,1,Medidas:,"20 x 17 x 7 cm",1,1,"Unidad de venta:",Galón,1,1,Disponibilidad:,"En existencia",1,1,,,,,default,false,,
16157,simple,,"Caucho champagne mate de 1 galón Dominó",1,0,visible,"Ideal para interiores y exteriores. Ayuda a dar sensación de luz y amplitud. Alto rendimiento, resistencia y durabilidad. Cubre hasta 30 metros cuadrados por galón. Tiempo de secado 60 minutos al tacto. Clase B",,,,taxable,,1,,0,0,,,,,1,,,,Pintura,,,http://www.catalogoepa.com.ve/wp-content/uploads/2017/09/205058-Pintura-champagne-mate-1-galón-.jpg,,,,,,,,,0,"Código EPA:",205058,1,1,Medidas:,"20 x 16\,8 x 16\,8 cm",1,1,"Unidad de venta:",Galón,1,1,Disponibilidad:,"En existencia",1,1,,,,,default,false,,
16159,simple,,"Pintura gris concreto mate de 1 galón Dominó",1,0,visible,"Ideal para interiores y exteriores. Ayuda a dar sensación de luz y amplitud. Alto rendimiento, resistencia y durabilidad. Cubre hasta 30 metros cuadrados por galón. Tiempo de secado 60 minutos al tacto. Clase B",,,,taxable,,1,,0,0,,,,,1,,,,Pintura,,,http://www.catalogoepa.com.ve/wp-content/uploads/2017/09/205068-Pintura-gris-concreto-mate-1-galón.jpg,,,,,,,,,0,"Código EPA:",205068,1,1,Medidas:,"20 x 16\,8 x 16\,8 cm",1,1,"Unidad de venta:",Galón,1,1,Disponibilidad:,"Poca existencia",1,1,,,,,default,false,,
16161,simple,,"Caucho blanco para exterior de 1 galón",1,0,visible,"Recubrimiento para exteriores elaborado con pigmentos de alta resistencia que proporcionan un acabado mate, impermeable y con protección a la intemperie (rayos U.V y humedad), y fungicida para evitar la aparición de manchas por hongos. Clase A",,,,taxable,,1,,0,0,,,,,1,,,,Pintura,,,http://www.catalogoepa.com.ve/wp-content/uploads/2017/09/206001-Pintura-blanco-exterior-1-galón-.jpg,,,,,,,,,0,"Código EPA:",206001,1,1,Medidas:,"20 x 16\,8 x 16\,8 cm",1,1,"Unidad de venta:",Galón,1,1,Disponibilidad:,"En existencia",1,1,,,,,default,false,,
16163,simple,,"Caucho blanco para exterior de 5 galones",1,0,visible,"Recubrimiento para exteriores elaborado con pigmentos de alta resistencia que proporcionan un acabado mate, impermeable y con protección a la intemperie (rayos U.V y humedad), y fungicida para evitar la aparición de manchas por hongos. Clase A",,,,taxable,,1,,0,0,,,,,1,,,,Pintura,,,http://www.catalogoepa.com.ve/wp-content/uploads/2017/09/206002-Pintura-blanco-exterior-5-galones-1.jpg,,,,,,,,,0,"Código EPA:",206002,1,1,Medidas:,"38 x 29\,9 x 29\,9 cm",1,1,"Unidad de venta:",Cuñete,1,1,Disponibilidad:,"Poca existencia",1,1,,,,,default,false,,
16167,simple,,"Caucho marfil mate de 1 galón Colonial",1,0,visible,"Ideal para interiores y exteriores. Ayuda a dar sensación de luz y amplitud, alto rendimiento, resistencia y durabilidad. Ecológica, libre de plomo y cromo. Cubre hasta 30 metros cuadrados por galón. Tiempo de secado 60 minutos al tacto. Clase C",,,,taxable,,1,,0,0,,,,,1,,,,Pintura,,,http://www.catalogoepa.com.ve/wp-content/uploads/2017/09/208063-Pintura-marfil-mate-1-galon-.jpg,,,,,,,,,0,"Código EPA:",208063,1,1,Medidas:,"20 x 16\,8 x 16\,8 cm",1,1,"Unidad de venta:",Galón,1,1,Disponibilidad:,"Poca existencia",1,1,,,,,default,false,,
16183,simple,,"Thinner laca alto brillo 1/4 galón",1,0,visible,"Mezcla de solventes para diluir productos nitrocelulosos como fondos, selladores y lacas, así como barnices brillantes. Se recomienda de 1.5 a 3 galones de Thinner por cada galón de laca, sellador o fondo, y un 1/4 por cada galón de barniz brillante.",,,,taxable,,1,,0,0,,,,,1,,,,Pintura,,,http://www.catalogoepa.com.ve/wp-content/uploads/2017/09/212004-Thinner-laca-alto-brillo-1-4-galon.jpg,,,,,,,,,0,"Código EPA:",212004,1,1,Medidas:,"15\,9 x 6\,7 x 10\,9 cm",1,1,"Unidad de venta:",Galón,1,1,Disponibilidad:,"En existencia",1,1,,,,,default,false,,
16188,simple,,"Esmalte gris machete 1 galón",1,0,visible,"Proporciona un acabado brillante, lavable y duradero. Recomendado para interiores y exteriores. Aplicable sobre hierro, acero, mampostería, concreto, ladrillo y madera. Tiempo de secado al tacto 45 minutos. Cubre 49 metros cuadrados por galón aproximadamente.",,,,taxable,,1,,0,0,,,,,1,,,,Pintura,,,http://www.catalogoepa.com.ve/wp-content/uploads/2017/09/214053-Esmalte-gris-machete-1-galon-.jpg,,,,,,,,,0,"Código EPA:",214053,1,1,Medidas:,"20 x 16\,8 x 16\,8 cm",1,1,"Unidad de venta:",Galón,1,1,Disponibilidad:,"En existencia",1,1,,,,,default,false,,
16192,simple,,"Esmalte marfil oriental 1 galón",1,0,visible,"Proporciona un acabado brillante, lavable y duradero. Recomendado para interiores y exteriores. Aplicable sobre hierro, acero, mampostería, concreto, ladrillo y madera. Tiempo de secado al tacto 45 minutos. Cubre 49 metros cuadrados por galón aproximadamente.",,,,taxable,,1,,0,0,,,,,1,,,,Pintura,,,http://www.catalogoepa.com.ve/wp-content/uploads/2017/09/214063-Esmalte-marfíl-oriental-1-galon.jpg,,,,,,,,,0,"Código EPA:",214063,1,1,Medidas:,"20 x 16\,8 x 16\,8 cm",1,1,"Unidad de venta:",Galón,1,1,Disponibilidad:,"En existencia",1,1,,,,,default,false,,
16194,simple,,"Esmalte negro carbón 1/4 galón",1,0,visible,"Proporciona un acabado brillante, lavable, duradero y de alta protección. Recomendado para interiores y exteriores. Aplicable sobre hierro, acero, mampostería, concreto, ladrillo y madera. Tiempo de secado al tacto 45 minutos.",,,,taxable,,1,,0,0,,,,,1,,,,Pintura,,,http://www.catalogoepa.com.ve/wp-content/uploads/2017/09/214067-Esmalte-negro-carbon-1-4-galon-.jpg,,,,,,,,,0,"Código EPA:",214067,1,1,Medidas:,"12\,5 x 10\,7 x 10\,7 cm",1,1,"Unidad de venta:",Galón,1,1,Disponibilidad:,"En existencia",1,1,,,,,default,false,,
16196,simple,,"Esmalte azul colonial 1 galón",1,0,visible,"Proporciona un acabado brillante, lavable y duradero. Recomendado para interiores y exteriores. Aplicable sobre hierro, acero, mampostería, concreto, ladrillo y madera. Tiempo de secado al tacto 45 minutos. Cubre 49 metros cuadrados por galón aproximadamente.",,,,taxable,,1,,0,0,,,,,1,,,,Pintura,,,http://www.catalogoepa.com.ve/wp-content/uploads/2017/09/214105-Esmalte-azul-colonial-1-galon.jpg,,,,,,,,,0,"Código EPA:",214105,1,1,Medidas:,"20 x 16\,8x 16\,8 cm",1,1,"Unidad de venta:",Galón,1,1,Disponibilidad:,"En existencia",1,1,,,,,default,false,,
16205,simple,,"Sellador listo para usar 1 galón",1,0,visible,"Formulado para acondicionar madera, MDF y contra enchapado, sellando los poros y mejorando su textura. De rápido secamiento, lo que permite agilizar la aplicación entre capas. La aplicación debe realizarse sobre superficies limpias, libres de grasa, polvo o agua. No necesita thinner.",,,,taxable,,1,,0,0,,,,,1,,,,Pintura,,,http://www.catalogoepa.com.ve/wp-content/uploads/2017/09/215026-Sellador-listo-para-usar-1-galon.jpg,,,,,,,,,0,"Código EPA:",215026,1,1,Medidas:,"19 x 16\,7 x 16\,7 cm",1,1,"Unidad de venta:",Galón,1,1,Disponibilidad:,"En existencia",1,1,,,,,default,false,,
16207,simple,,"Fondo para herrería gris 1 galón",1,0,visible,"De uso general, formulado para la conservación y mantenimiento de obras industriales, estructuras de hierro, madera y mampostería. Rendimiento de 50 metros cuadrados aproximadamente por galón.",,,,taxable,,1,,0,0,,,,,1,,,,Pintura,,,http://www.catalogoepa.com.ve/wp-content/uploads/2017/09/223012-Fondo-para-herrería-gris-1-galon.jpg,,,,,,,,,0,"Código EPA:",223012,1,1,Medidas:,"19\,7 x 17\,2 x 17\,2 cm",1,1,"Unidad de venta:",Galón,1,1,Disponibilidad:,"En existencia",1,1,,,,,default,false,,
16211,simple,,"Fondo para herrería blanco 1 galón",1,0,visible,"De uso general, formulado para la conservación y mantenimiento de obras industriales, estructuras de hierro, madera y mampostería. Rendimiento de 50 metros cuadrados aproximadamente por galón.",,,,taxable,,1,,0,0,,,,,1,,,,Pintura,,,http://www.catalogoepa.com.ve/wp-content/uploads/2017/09/223018-Fondo-para-herrería-blanco-1-galon.jpg,,,,,,,,,0,"Código EPA:",223018,1,1,Medidas:,"19\,7 x 17\,2 x 17\,2 cm",1,1,"Unidad de venta:",Galón,1,1,Disponibilidad:,"En existencia",1,1,,,,,default,false,,
16213,simple,,"Fondo cromato de zinc 1 galón",1,0,visible,"Evita la corrosión, sus pigmentos de cromato ayudan a la protección de superficies metálicas en ambientes interiores o exteriores. Rinde de 40 a 50 metros cuadrados por galón. No requiere diluyente para aplicar con brocha, para pistola agregar un 10% de solvente sintético.",,,,taxable,,1,,0,0,,,,,1,,,,Pintura,,,http://www.catalogoepa.com.ve/wp-content/uploads/2017/09/223044-Fondo-cromato-de-zinc-1-galon.jpg,,,,,,,,,0,"Código EPA:",223044,1,1,Medidas:,"19\,7 x 17\,2 x 17\,2 cm",1,1,"Unidad de venta:",Galón,1,1,Disponibilidad:,"En existencia",1,1,,,,,default,false,,
16222,simple,,"Caucho blanco durazno satinado de 1 galón Dominó",1,0,visible,"Brinda un acabado intermedio entre opaco y brillante. Su uso en interiores es aconsejable por ser de fácil lavado. La aplicación debe hacerse por sectores (por pared) y rápidamente para evitar marcas que sean visibles a contraluz. Clase B",,,,taxable,,1,,0,0,,,,,1,,,,Pintura,,,http://www.catalogoepa.com.ve/wp-content/uploads/2017/09/227401-Pintura-blanco-durazno-satinado-1-galon.jpg,,,,,,,,,0,"Código EPA:",227401,1,1,Medidas:,"20 x 16\,8 x 16\,8 cm",1,1,"Unidad de venta:",Galón,1,1,Disponibilidad:,"En existencia",1,1,,,,,default,false,,
16224,simple,,"Brocha de 4 pulgadas",1,0,visible,"Para paredes lisas, fabricada con cerdas naturales y mango plástico para pinturas al agua. Adecuada para superficies planas como techos, revestimientos exteriores y pisos.",,,,taxable,,1,,0,0,,,,,1,,,,Pintura,,,http://www.catalogoepa.com.ve/wp-content/uploads/2017/09/228005-Brocha-para-paredes-lisas-4-pulgadas.jpg,,,,,,,,,0,"Código EPA:",228005,1,1,Medidas:,"2 x 25\,5 x 11 cm",1,1,"Unidad de venta:",Pieza,1,1,Disponibilidad:,"En existencia",1,1,,,,,default,false,,
16228,simple,,"Pintura de tráfico vial de 1 galón",1,0,visible,"Para superficies expuestas a la intemperie como brocales, muros, defensa de concreto, pistas de aeropuertos y señalizaciones. De alta abrasión, excelente adherencia al asfalto y cemento y resistente a la radiación ultravioleta y al agua. Cubre 320 metros cuadrados por cuñete.",,,,taxable,,1,,0,0,,,,,1,,,,Pintura,,,http://www.catalogoepa.com.ve/wp-content/uploads/2017/09/235010-Pintura-brocal-amarillo-1-galon.jpg,,,,,,,,,0,"Código EPA:",235010,1,1,Medidas:,"19\,7 x 17\,2 x 17\,2 cm",1,1,"Unidad de venta:",Galón,1,1,Disponibilidad:,"Poca existencia",1,1,,,,,default,false,,
16230,simple,,"Silicón transparente uso general",1,0,visible,"Cartucho de silicona traslucido de uso doméstico para cerramientos, duchas, lavamanos y accesorios de baños.",,,,taxable,,1,,0,0,,,,,1,,,,Baño,,,http://www.catalogoepa.com.ve/wp-content/uploads/2017/09/240006-Silicon-transparente-Uso-general.jpg,,,,,,,,,0,"Código EPA:",240006,1,1,Medidas:,"31\,5 x 5 x 5 cm",1,1,"Unidad de venta:",Pieza,1,1,Disponibilidad:,"En existencia",1,1,,,,,default,false,,
16234,simple,,"Almohada Queen 140 hilos",1,0,visible,"Pieza ergonómica, elaborada en tela blanca hipo alergénica de 140 hilos. 50% sensación de plumas, 50% poliéster. Es fresca, liviana y lavable.",,,,taxable,,1,,0,0,,,,,1,,,,Equipamento,,,http://www.catalogoepa.com.ve/wp-content/uploads/2017/09/424023-Almohada-queen-hipoalergénica-.jpg,,,,,,,,,0,"Código EPA:",424023,1,1,Medidas:,"50 x 70 x 10 cm",1,1,"Unidad de venta:",Pieza,1,1,Disponibilidad:,"En existencia",1,1,,,,,default,false,,
16282,simple,,"Persiana romana 145x170 centímetros",1,0,visible,"Persiana romana fabricada en poliéster. Accionamiento sencillo, fácil mantenimiento, recomendadas para habitaciones abiertas, salas o comedores. Colores surtidos.",,,,taxable,,1,,0,0,,,,,1,,,,Equipamento,,,http://www.catalogoepa.com.ve/wp-content/uploads/2017/09/436032-Persiana-romana-145-x-170-centímetros-Colores-surtidos.jpg,,,,,,,,,0,"Código EPA:",436032,1,1,Medidas:,"8\,5 x 8\,5 x 90 cm",1,1,"Unidad de venta:",Pieza,1,1,Disponibilidad:,"Poca existencia",1,1,,,,,default,false,,
16318,simple,,"Pie de amigo plegable de 40x40 centímetros",1,0,visible,"Piezas plegables prácticas para mesas, repisas, barras; muy resistentes",,,,taxable,,1,,0,0,,,,,1,,,,Accesorios,,,http://www.catalogoepa.com.ve/wp-content/uploads/2017/09/309022-Pie-de-amigo-plegable-40-x-40-centímetros.jpg,,,,,,,,,0,"Código EPA:",309022,1,1,Medidas:,"3\,5 x 41 x 3\,5 cm",1,1,"Unidad de venta:",Pieza,1,1,Disponibilidad:,"Poca existencia",1,1,,,,,default,false,,
16320,simple,,"Pie de amigo de 35x40 centímetros",1,0,visible,"Soporte reforzado tipo L, fabricado en acero para garantizar una mayor resistencia a las cargas impuestas. Color blanco.",,,,taxable,,1,,0,0,,,,,1,,,,Accesorios,,,http://www.catalogoepa.com.ve/wp-content/uploads/2017/09/309055-Pie-de-amigo-35-x-40-centímetros-Color-blanco-.jpg,,,,,,,,,0,"Código EPA:",309055,1,1,Medidas:,"35 x 40 x 2 cm",1,1,"Unidad de venta:",Pieza,1,1,Disponibilidad:,"En existencia",1,1,,,,,default,false,,
16322,simple,,"Aero esquinero skin",1,0,visible,"Piezas para soportes de esquinero de aerocloset. Dos unidades por paquete con ramplús y tornillo.",,,,taxable,,1,,0,0,,,,,1,,,,Accesorios,,,http://www.catalogoepa.com.ve/wp-content/uploads/2017/09/309097-Aeroesquinero-skin-Dos-unidades-Paquete.jpg,,,,,,,,,0,"Código EPA:",309097,1,1,Medidas:,"5 x 11 x 13\,5 cm",1,1,"Unidad de venta:",Pieza,1,1,Disponibilidad:,"En existencia",1,1,,,,,default,false,,
16324,simple,,"Aeroclips skin",1,0,visible,"Piezas para soportes de rejillas de aerocloset o a la pared. 12 unidades por paquete.",,,,taxable,,1,,0,0,,,,,1,,,,Accesorios,,,http://www.catalogoepa.com.ve/wp-content/uploads/2017/09/309098-Aeroclips-skin-12-aunidades-Paquete-.jpg,,,,,,,,,0,"Código EPA:",309098,1,1,Medidas:,"2\,5 x 9 x 13\,5 cm",1,1,"Unidad de venta:",Pieza,1,1,Disponibilidad:,"Poca existencia",1,1,,,,,default,false,,
16338,simple,,"Caucho blanco intenso 1 galón",1,0,visible,"Ideal para espacios interiores y exteriores. Excelente opción para superficies que necesitan durabilidad y economía. 100% ecológica, libre de plomo y cromo. Clase C",,,,taxable,,1,,0,0,,,,,1,,,,Pintura,,,http://www.catalogoepa.com.ve/wp-content/uploads/2017/09/208099-Pintura-blanco-intenso-mate-1-galon-.jpg,,,,,,,,,0,"Código EPA:",208099,1,1,Medidas:,"20 x 16\,8 x 16\,8 cm",1,1,"Unidad de venta:",Galón,1,1,Disponibilidad:,"En existencia",1,1,,,,,default,false,,
16344,simple,,"Pie de amigo de 45x centímetros",1,0,visible,"Soporte reforzado con pletina de acero inoxidable en ángulo de 90 grado. Muy resistente. Color blanco",,,,taxable,,1,,0,0,,,,,1,,,,Accesorios,,,http://www.catalogoepa.com.ve/wp-content/uploads/2017/09/309015-Pie-de-amigo-Color-blanco.jpg,,,,,,,,,0,"Código EPA:",309015,1,1,Medidas:,"20 x 27\,5 x 3\,5 cm",1,1,"Unidad de venta:",Pieza,1,1,Disponibilidad:,"En existencia",1,1,,,,,default,false,,
16346,simple,,"Pie de amigo de 28x28 centímetros",1,0,visible,"Soporte reforzado con pletina de acero inoxidable en ángulo de 90 grado. Muy resistente. Color blanco",,,,taxable,,1,,0,0,,,,,1,,,,Accesorios,,,http://www.catalogoepa.com.ve/wp-content/uploads/2017/09/309016-Pie-de-amigo-Color-blanco.jpg,,,,,,,,,0,"Código EPA:",309016,1,1,Medidas:,"40 x 45 x 3\,5 cm",1,1,"Unidad de venta:",Pieza,1,1,Disponibilidad:,"En existencia",1,1,,,,,default,false,,
16355,simple,,"Refrigerante rojo",1,0,visible,"Tiene propiedades antioxidantes, anticorrosivas y puntos de ebullición del agua superiores a los 134° centígrados, ayudando al funcionamiento de refrigeración y previniendo daños ocasionados por recalentamientos en el motor.",,,,taxable,,1,,0,0,,,,,1,,,,Equipamento,,,http://www.catalogoepa.com.ve/wp-content/uploads/2017/09/1006142-Refrigerante-rojo.jpg,,,,,,,,,0,"Código EPA:",1006142,1,1,Medidas:,"29 x 17 x 8 cm",1,1,"Unidad de venta:",Galón,1,1,Disponibilidad:,"En existencia",1,1,,,,,default,false,,
16369,simple,,"Machete rozador de 20 pulgadas",1,0,visible,"Herramienta de corte y poda, para trabajos agrícolas o jardinería, cacha plástica y hoja de 2 milímetros en acero de alto carbono.",,,,taxable,,1,,0,0,,,,,1,,,,Equipamento,,,http://www.catalogoepa.com.ve/wp-content/uploads/2017/09/1207005-Machete-rozador-de-20-pulgadas-con-cacha-plástica-Color-negro.jpg,,,,,,,,,0,"Código EPA:",1207005,1,1,Medidas:,"2 x 10 x 65 cm",1,1,"Unidad de venta:",Pieza,1,1,Disponibilidad:,"En existencia",1,1,,,,,default,false,,
16372,simple,,"Machete rozador de 22 pulgadas",1,0,visible,"Herramienta de corte y poda, para trabajos agrícolas o jardinería, cacha plástica y hoja de 2 milímetros en acero de alto carbono.",,,,taxable,,1,,0,0,,,,,1,,,,Equipamento,,,http://www.catalogoepa.com.ve/wp-content/uploads/2017/09/1207006-Machete-rozador-de-22-pulgadas-con-cacha-plástica-Color-negro.jpg,,,,,,,,,0,"Código EPA:",1207006,1,1,Medidas:,"2 x 10 x 70 cm",1,1,"Unidad de venta:",Pieza,1,1,Disponibilidad:,"Poca existencia",1,1,,,,,default,false,,
16376,simple,,"Hoja de segueta de 18 dientes",1,0,visible,"Permiten cortar madera o contrachapados, láminas de metal o molduras de yeso. De 18 dientes por pulgada lineal para cortes rústicos y rápidos.",,,,taxable,,1,,0,0,,,,,1,,,,Equipamento,,,http://www.catalogoepa.com.ve/wp-content/uploads/2017/09/1274055-Hoja-de-segueta-18-TH.jpg,,,,,,,,,0,"Código EPA:",1274055,1,1,Medidas:,"1 x 1 x 31 cm",1,1,"Unidad de venta:",Pieza,1,1,Disponibilidad:,"En existencia",1,1,,,,,default,false,,
16380,simple,,"Bombillo ahorrador de 27 voltios",1,0,visible,"Luz blanca y fría. Full espiral de 27 voltios y base E27. Entre 110V y 130V-60 Hz. 8 mil horas de vida útil. Ahorra 80% más energía.",,,,taxable,,1,,0,0,,,,,1,,,,Iluminación,,,http://www.catalogoepa.com.ve/wp-content/uploads/2017/09/1582311-Bombillo-ahorrador-full-espiral-27w.jpg,,,,,,,,,0,"Código EPA:",1582311,1,1,Medidas:,"21\,6 x 12\,3 x 5\,5 cm",1,1,"Unidad de venta:",Pieza,1,1,Disponibilidad:,"Poca existencia",1,1,,,,,default,false,,
16382,simple,,"Bombillo medio espiral practico 15w e27",1,0,visible,"Luz blanca y fría, medio espiral de 15 voltios y base E27. Entre 110V y 130V-60 Hz. Ahorra 80% más energía.",,,,taxable,,1,,0,0,,,,,1,,,,Iluminación,,,http://www.catalogoepa.com.ve/wp-content/uploads/2017/09/1582312-Bombillo-medio-espiral-practico-15w-e27.jpg,,,,,,,,,0,"Código EPA:",1582312,1,1,Medidas:,"20\,5 x 12 x 5 cm",1,1,"Unidad de venta:",Pieza,1,1,Disponibilidad:,"Poca existencia",1,1,,,,,default,false,,
16384,simple,,"Cinta eléctrica 3/4 pulgadas",1,0,visible,"Cinta aislante en PVC, resistente a la humedad, aceite, ácidos y alcalinos. Se recomienda no usar con voltajes mayores a 600 vatios o temperaturas mayores a 80 grados centígrados. De ¾ por 18 metros de largo.",,,,taxable,,1,,0,0,,,,,1,,,,Iluminación,,,http://www.catalogoepa.com.ve/wp-content/uploads/2017/09/1603063-Cinta-eléctrica-3-4-pulgadas-por-18-metros.jpg,,,,,,,,,0,"Código EPA:",1603063,1,1,Medidas:,"7\,2 x 7\,2 x 2 cm",1,1,"Unidad de venta:",Pieza,1,1,Disponibilidad:,"En existencia",1,1,,,,,default,false,,
16386,simple,,"Tomacorriente doble color blanco",1,0,visible,"Ideal como punto de conexión en hogares y oficinas para alimentar equipos eléctricos como electrodomésticos, equipos portátiles e industriales. Capacidad de 2 tomas con tierra, 125 voltaje y 15 amperaje.",,,,taxable,,1,,0,0,,,,,1,,,,Iluminación,,,http://www.catalogoepa.com.ve/wp-content/uploads/2017/09/1636154-Tomacorriente-doble-con-tierra-Color-blanco.jpg,,,,,,,,,0,"Código EPA:",1636154,1,1,Medidas:,"21\,5 x 10\,5 x 4 cm",1,1,"Unidad de venta:",Pieza,1,1,Disponibilidad:,"En existencia",1,1,,,,,default,false,,
16388,simple,,"Tomacorriente doble color plata",1,0,visible,"Ideal como punto de conexión en hogares y oficinas para alimentar equipos eléctricos como electrodomésticos, equipos portátiles e industriales. Capacidad de 2 tomas con tierra, 125 voltaje y 15 amperaje.",,,,taxable,,1,,0,0,,,,,1,,,,Iluminación,,,http://www.catalogoepa.com.ve/wp-content/uploads/2017/09/1636161-Tomacorriente-doble-con-tierra-Color-plata.jpg,,,,,,,,,0,"Código EPA:",1636161,1,1,Medidas:,"21\,5 x 10\,5 x 4 cm",1,1,"Unidad de venta:",Pieza,1,1,Disponibilidad:,"En existencia",1,1,,,,,default,false,,
16390,simple,,"Tomacorriente doble color blanco",1,0,visible,"Ideal como punto de conexión en hogares y oficinas para alimentar equipos eléctricos como electrodomésticos, equipos portátiles e industriales. Capacidad de 2 tomas con tierra, 125 voltaje y 15 amperaje. Pieza con bisel decorativo.",,,,taxable,,1,,0,0,,,,,1,,,,Iluminación,,,http://www.catalogoepa.com.ve/wp-content/uploads/2017/09/1636170-Tomacorriente-doble-con-tierra-Color-blanco.jpg,,,,,,,,,0,"Código EPA:",1636170,1,1,Medidas:,"21\,5 x 4 x 10\,5 cm",1,1,"Unidad de venta:",Pieza,1,1,Disponibilidad:,"En existencia",1,1,,,,,default,false,,
16392,simple,,"Tomacorriente de doble toma",1,0,visible,"Receptáculo para uso residencial y comercial, toma doble genérica sin tapa, 2 polos T270, voltaje de 120 y corriente de 15 amperios. Estructura resistente a impactos, color blanco.",,,,taxable,,1,,0,0,,,,,1,,,,Iluminación,,,http://www.catalogoepa.com.ve/wp-content/uploads/2017/09/1636372-Tomacorriente-doble-270-Color-blanco.jpg,,,,,,,,,0,"Código EPA:",1636372,1,1,Medidas:,"20 x 9 x 4 cm",1,1,"Unidad de venta:",Pieza,1,1,Disponibilidad:,"En existencia",1,1,,,,,default,false,,
16404,simple,,"Candado anti cizalla de 70 milímetros",1,0,visible,"Cuerpo rectangular de Latán macizo y perno pasador de acero endurecido niquelado. Ideal para ser colocado en rejas, puertas, portones, cajas de seguridad, contenedores de carga y otros. Incluye 2 llaves perfil universal",,,,taxable,,1,,0,0,,,,,1,,,,Equipamento,,,http://www.catalogoepa.com.ve/wp-content/uploads/2017/09/1906002-Candado-anticizalla-70-milimetros.jpg,,,,,,,,,0,"Código EPA:",1906002,1,1,Medidas:,"18\,5 x 11\,5 x 3 cm",1,1,"Unidad de venta:",Pieza,1,1,Disponibilidad:,"En existencia",1,1,,,,,default,false,,
16406,simple,,"Cerradura de embutir de 35 milímetros",1,0,visible,"Posee placa frontal y cerrojo de seguridad de acero niquelado, pestillo tirador de latán niquelado, cilindro tipo europerfil con sede para colocar la manilla. Incluye hembrilla, cilindro con 3 llaves, rosetas y tornillos de fijación. Para rejas o puertas batientes.",,,,taxable,,1,,0,0,,,,,1,,,,Equipamento,,,http://www.catalogoepa.com.ve/wp-content/uploads/2017/09/1939007-Cerradura-pestillo-tirador-35-milimetros-2-Pases.jpg,,,,,,,,,0,"Código EPA:",1939007,1,1,Medidas:,"3\,5 x 12 x 35 cm",1,1,"Unidad de venta:",Pieza,1,1,Disponibilidad:,"En existencia",1,1,,,,,default,false,,
16410,simple,,"Zócalo de puerta natural",1,0,visible,"Elaborado en aluminio y goma PVC con orificios para instalar en puertas de 80, 90 o 100 centímetros de ancho. Posee 5 centímetros de altura.",,,,taxable,,1,,0,0,,,,,1,,,,Equipamento,,,http://www.catalogoepa.com.ve/wp-content/uploads/2017/09/1954067-Zocalo-de-puerta-natural.jpg,,,,,,,,,0,"Código EPA:",1954067,1,1,Medidas:,"45 x 5 x 5 cm",1,1,"Unidad de venta:",Pieza,1,1,,,,,,,,,default,false,,
16414,simple,,"Listón de pino 5x2 centímetros",1,0,visible,"Ideales para marcos y molduras. Tienen propósitos funcionales (como recubrir uniones y proteger bordes y esquinas) y decorativos. Son piezas macizas oreadas que ofrecen un acabo rustico.",,,,taxable,,1,,0,0,,,,,1,,,,Madera,,,http://www.catalogoepa.com.ve/wp-content/uploads/2017/09/2050015-Liston-de-pino-.jpg,,,,,,,,,0,"Código EPA:",2050015,1,1,Medidas:,"3\,00 x 5 x 2 cm",1,1,"Unidad de venta:",Pieza,1,1,Disponibilidad:,"En existencia",1,1,,,,,default,false,,
16425,simple,,"Chapa roja de 0,70x210 centímetros",1,0,visible,"Chapas de okume relleno de cartón en forma de colmena, acabado natural para interiores. Para mejorar el acabado aplíquese sellador, barniz y poliuretano. Medidas 0,70x2,10 metros",,,,taxable,,1,,0,0,,,,,1,,,,Madera,,,http://www.catalogoepa.com.ve/wp-content/uploads/2017/10/2106006-Puerta-chapa-roja-0_80-x-210-centímetros-1.jpg,,,,,,,,,0,"Código EPA:",2106005,1,1,Medidas:,"210 x 4 x 70 cm",1,1,"Unidad de venta:",Pieza,1,1,Disponibilidad:,"Poca existencia",1,1,,,,,default,false,,
16441,simple,,"Tableta vitrificada Humocaro",1,0,visible,"Revestimiento de acabado vitrificado para pisos de mediano tráfico. De brillo escaso o nulo. Tamaño de 25x25 centímetros, cubre 1 metro cuadrado por paquete de 16 lajas. Peso aproximado 14 Kg por bulto.",,,,taxable,,1,,0,0,,,,,1,,,,Madera,,,http://www.catalogoepa.com.ve/wp-content/uploads/2017/10/2280003-Tableta-humocaro-25-x-25-centímetros-1-metro-cuadaro-Paquete.jpg,,,,,,,,,0,"Código EPA:",2280003,1,1,Medidas:,"12 x 25 x 25 cm",1,1,"Unidad de venta:",Paquete,1,1,Disponibilidad:,"En existencia",1,1,,,,,default,false,,
16459,simple,,"Tablilla lisa vitrificada Quíbor",1,0,visible,"Revestimiento de acabado liso vitrificado color rojo. Pieza de 7x23 centímetros, cubre 1 metro cuadrado por paquete.",,,,taxable,,1,,0,0,,,,,1,,,,Madera,,,http://www.catalogoepa.com.ve/wp-content/uploads/2017/10/2282052-Tablilla-quibor-liso-vitrificada-7-x-23-centímetros-1-metro-cuadrado-Paquete.jpg,,,,,,,,,0,"Código EPA:",2282052,1,1,Medidas:,"23 x 7 x 23 cm",1,1,"Unidad de venta:",Paquete,1,1,Disponibilidad:,"En existencia",1,1,,,,,default,false,,
16464,simple,,"Llave para lavamanos manilla triangular",1,0,visible,"Pieza individual cromada en toda su superficie, con manilla triangular de ¼ de pulgada. Es resistente a la corrosión por agua y agentes químicos.",,,,taxable,,1,,0,0,,,,,1,,,,Baño,,,http://www.catalogoepa.com.ve/wp-content/uploads/2017/10/2432046-Llave-para-lavamanos.jpg,,,,,,,,,0,"Código EPA:",2432046,1,1,Medidas:,"9 x 18 x 25 cm",1,1,"Unidad de venta:",Pieza,1,1,Disponibilidad:,"En existencia",1,1,,,,,default,false,,
16466,simple,,"Tubo de 1/2 pulgada",1,0,visible,"Para distribución de agua blanca fría a presión en edificaciones. Sistemas de enfriamiento, “chillers” de centros comerciales y edificaciones. Sistemas de bombeo, recirculación y tratamiento de agua en piscinas. De tres metros soldable.",,,,taxable,,1,,0,0,,,,,1,,,,Equipamento,,,http://www.catalogoepa.com.ve/wp-content/uploads/2017/10/2613008-Tubo-1-2-pulgadas-.jpg,,,,,,,,,0,"Código EPA:",2613008,1,1,Medidas:,"300 x 1\,2 x 1\,2 cm",1,1,"Unidad de venta:",Pieza,1,1,Disponibilidad:,"En existencia",1,1,,,,,default,true,,
16472,simple,,"Baterías ultra alcalina AAx3",1,0,visible,"De 12 voltios con capacidad de rendimiento de 105 horas. Piezas cubiertas de papel aluminio sin mercurio, especialmente diseñadas para dispositivos de alto consumo como controles remotos, juguetes, entre otros. 10 años de vida útil.",,,,taxable,,1,,0,0,,,,,1,,,,Accesorios,,,http://www.catalogoepa.com.ve/wp-content/uploads/2017/10/2719054-Baterias-Ultra-Alkalina-AAx3.jpg,,,,,,,,,0,"Código EPA:",2719054,1,1,Medidas:,"11 x 9 x 2 cm",1,1,"Unidad de venta:",Paquete,1,1,Disponibilidad:,"En existencia",1,1,,,,,default,false,,
16474,simple,,"Ducha eléctrica sin manguera",1,0,visible,"Con selector de temperaturas caliente-tibio-frio. Posee contactos eléctricos de plata para una larga duración. Conexiones de entrada de ½ pulgada. Corriente de 110 voltios, 3200 w. La temperatura ideal se obtiene regulando el paso de agua.",,,,taxable,,1,,0,0,,,,,1,,,,Baño,,,http://www.catalogoepa.com.ve/wp-content/uploads/2017/10/2443002.jpg,,,,,,,,,0,"Código EPA:",2443002,1,1,Medidas:,"16 x 18 x 12 cm",1,1,"Unidad de venta:",Pieza,1,1,Disponibilidad:,"En existencia",1,1,,,,,default,false,,
16481,simple,,"Baterías ultra alcalina AAAx3",1,0,visible,"De 12 voltios con capacidad de rendimiento de 105 horas. Piezas cubiertas de papel aluminio sin mercurio, especialmente diseñadas para dispositivos de alto consumo como controles remotos, juguetes, entre otros. 10 años de vida útil.",,,,taxable,,1,,0,0,,,,,1,,,,Equipamento,,,http://www.catalogoepa.com.ve/wp-content/uploads/2017/10/2719055-Baterias-Ultra-Alkalina-AAAx3.jpg,,,,,,,,,0,"Código EPA:",2719055,1,1,Medidas:,"11 x 9 x 2 cm",1,1,"Unidad de venta:",Paquete,1,1,Disponibilidad:,"En existencia",1,1,,,,,default,false,,
16483,simple,,"Pego gris de 14 kilos",1,0,visible,"Indicado para ambientes variables, elevado tráfico y vibraciones. Ideal para la colocación de piezas sanitarias y decorativas, piedras y artículos cerámicos similares, en interiores.",,,,taxable,,1,,0,0,,,,,1,,,,Equipamento,,,http://www.catalogoepa.com.ve/wp-content/uploads/2017/10/3026010-Pego-gris-de-14-kilogramos.jpg,,,,,,,,,0,"Código EPA:",3026010,1,1,Medidas:,"20 x 30 x 50 cm",1,1,"Unidad de venta:",Saco,1,1,Disponibilidad:,"En existencia",1,1,Garantía:,"15 días",1,1,default,false,,
16490,simple,,"Solución cementosa 20 kilos",1,0,visible,"Premezcla para la confección de vigas, columnas, pisos, contra pisos, fundiciones, zapatas y losa con exigencias de resistencias promedio a la compresión de F´c a los 28 días; iguales o inferiores a los 210 kilogramos-centímetros cúbicos. Saco de 20 kilos.",,,,taxable,,1,,0,0,,,,,1,,,,Equipamento,,,http://www.catalogoepa.com.ve/wp-content/uploads/2017/10/3027016-Solución-cementosa-todo-uso-20-kilogramos.jpg,,,,,,,,,0,"Código EPA:",3027016,1,1,Medidas:,"10 x 35 x 30 cm",1,1,"Unidad de venta:",Saco,1,1,Disponibilidad:,"En existencia",1,1,,,,,default,false,,
16505,simple,,"Solución cementosa 21 kilos",1,0,visible,"Premezcla para la confección de vigas, columnas, pisos, contra pisos, fundiciones, zapatas y losa con exigencias de resistencias promedio a la compresión de F´c a los 28 días; iguales o inferiores a los 210 kilogramos-centímetros cúbicos. Saco de 21 kilos.",,,,taxable,,1,,0,0,,,,,1,,,,Equipamento,,,http://www.catalogoepa.com.ve/wp-content/uploads/2017/10/3028019-Solusión-cementosa-todo-uso-de-21-kilogramos.jpg,,,,,,,,,0,"Código EPA:",3028019,1,1,Medidas:,"10 x 29 x 59 cm",1,1,"Unidad de venta:",Saco,1,1,Disponibilidad:,"Poca existencia",1,1,,,,,default,false,,
16507,simple,,"Pego blanco de 14 kilos",1,0,visible,"Indicado para ambientes variables, elevado tráfico y vibraciones. Ideal para la colocación de piezas sanitarias y decorativas, piedras y artículos cerámicos similares, en interiores.",,,,taxable,,1,,0,0,,,,,1,,,,Equipamento,,,http://www.catalogoepa.com.ve/wp-content/uploads/2017/10/3026011-Pego-blanco-de-14-kilogramos.jpg,,,,,,,,,0,"Código EPA:",3026011,1,1,Medidas:,"20 x 30 x 50 cm",1,1,"Unidad de venta:",Pieza,1,1,Disponibilidad:,"En existencia",1,1,,,,,default,false,,
16515,simple,,"Lámpara colgante de 1 luz",1,0,visible,"Lámpara colgante de una luz ideal para decorar espacios interiores. Base E27",,,,taxable,,1,,0,0,,,,,1,,,,Iluminación,,,http://www.catalogoepa.com.ve/wp-content/uploads/2017/10/1504070.png,,,,,,,,,0,"Código EPA:",1504070,1,1,"Unidad de venta:",Pieza,1,1,Disponibilidad:,"En existencia",1,1,,,,,,,,,default,false,,
16517,simple,,"Aplique de 1 luz",1,0,visible,"Para aplicar en paredes de espacios interiores o exteriores. Pieza de una luz con difusor y capacidad de hasta 40 vatios. Base E27",,,,taxable,,1,,0,0,,,,,1,,,,Iluminación,,,http://www.catalogoepa.com.ve/wp-content/uploads/2017/10/1526096.png,,,,,,,,,0,"Código EPA:",1526096,1,1,"Unidad de venta:",Pieza,1,1,Disponibilidad:,"En existencia",1,1,,,,,,,,,default,false,,
16535,simple,,"Bombillo ahorrador de 15 voltios",1,0,visible,"Luz blanca y fría. Full espiral de 15 voltios y base E27. Entre 110V y 130V-60 Hz. 8 mil horas de vida útil. Ahorra 80% más energía.",,,,taxable,,1,,0,0,,,,,1,,,,Equipamento,,,http://www.catalogoepa.com.ve/wp-content/uploads/2017/10/1582310-Bombillo-ahorrador-full-espiral-15w-1.jpg,,,,,,,,,0,"Código EPA:",1582310,1,1,Disponibilidad:,"En existencia",1,1,Medidas:,"18\,5 x 12\,5 x 5 cm",1,1,"Unidad de venta:",Pieza,1,1,,,,,default,false,,
16537,simple,,"Bombillo ahorrador de 15 voltios",1,0,visible,"Luz blanca y fría, medio espiral de 15 voltios y base E27. Entre 110V y 130V-60 Hz. Ahorra 80% más energía.",,,,taxable,,1,,0,0,,,,,1,,,,Equipamento,,,http://www.catalogoepa.com.ve/wp-content/uploads/2017/10/1582312-Bombillo-medio-espiral-practico-15w-e27-1.jpg,,,,,,,,,0,"Código EPA:",1582312,1,1,Disponibilidad:,"En existencia",1,1,Medidas:,"20\,5 x 12 x 5 cm",1,1,"Unidad de venta:",Pieza,1,1,,,,,default,false,,
16539,simple,,"Bombillo ahorrador 27 voltios",1,0,visible,"Luz blanca y fría, medio espiral de 27 voltios y base E27. Entre 110V y 130V-60 Hz. 8 mil horas de vida útil. Ahorra 80% más energía.",,,,taxable,,1,,0,0,,,,,1,,,,Equipamento,,,http://www.catalogoepa.com.ve/wp-content/uploads/2017/10/1582313-Bombillo-ahorrador-medio-espiral-27w-e27-2.jpg,,,,,,,,,0,Disponibilidad:,"En existencia",1,1,Medidas:,"21\,6 x 12\,3 x 5\,5 cm",1,1,"Unidad de venta:",Pieza,1,1,"Código EPA:",1582313,1,1,,,,,default,false,,
16553,simple,,"Cerradura de embutir de 35 milímetros",1,0,visible,"Posee placa frontal y cerrojo de seguridad de acero niquelado, pestillo tirador de latán niquelado, cilindro tipo europerfil con sede para colocar la manilla. Incluye hembrilla, cilindro con 3 llaves, rosetas y tornillos de fijación. Para rejas o puertas batientes.",,,,taxable,,1,,0,0,,,,,1,,,,Equipamento,,,http://www.catalogoepa.com.ve/wp-content/uploads/2017/10/1939007-Cerradura-pestillo-tirador-35-milimetros-2-Pases-1.jpg,,,,,,,,,0,"Código EPA:",1939007,1,1,Disponibilidad:,"En existencia",1,1,Medidas:,"3\,5 x 12 x 35 cm",1,1,"Unidad de venta:",Pieza,1,1,,,,,default,false,,
16566,simple,,"Esmalte negro mate 1/4 galón",1,0,visible,"Proporciona un acabado brillante, lavable, duradero y de alta protección. Recomendado para interiores y exteriores. Aplicable sobre hierro, acero, mampostería, concreto, ladrillo y madera. Tiempo de secado al tacto 45 minutos.",,,,taxable,,1,,0,0,,,,,1,,,,Pintura,,,http://www.catalogoepa.com.ve/wp-content/uploads/2017/11/214123-Esmalte-negro-mate-1-4-galon-1.jpg,,,,,,,,,0,"Código EPA:",214123,1,1,Disponibilidad:,"En existencia",1,1,Medidas:,"12\,5 x 10\,7 x 10\,7 cm",1,1,"Unidad de venta:",Galón,1,1,,,,,default,false,,
16570,simple,,"Pintura blanco intenso mate 1 galón, clase C",1,0,visible,,,,,taxable,,1,,0,0,,,,,1,,,,Pintura,,,http://www.catalogoepa.com.ve/wp-content/uploads/2017/11/208099.jpg,,,,,,,,,0,"Código EPA:",0208099,1,1,"Unidad de venta:",Galón,1,1,Disponibilidad:,"En existencia",1,1,,,,,,,,,default,false,,
16573,simple,,"Juego de bandeja aniversario",1,0,visible,"El kit contiene una funda, un mango de 9 pulgadas, una bandeja plástica con capacidad para un galón, una brocha de 4 pulgadas para paredes lisas y un estuche de toallas limpiadoras de pinturas a base de agua y aceite, pegamentos y selladores",,,,taxable,,1,,0,0,,,,,1,,,,Pintura,,,http://www.catalogoepa.com.ve/wp-content/uploads/2017/11/236055.jpg,,,,,,,,,0,"Código EPA:",236055,1,1,"Unidad de venta:",Pieza,1,1,Disponibilidad:,"En existencia",1,1,,,,,,,,,default,false,,
